{
    "loss": 2.3250949382781982,
    "accuracy": 0.5395683646202087
}